CREATE DATABASE QLST
USE QLST

CREATE TABLE CHUCVU (
	MACV NVARCHAR(15) PRIMARY KEY, 
	TENCV NVARCHAR(30),
);

CREATE TABLE NHANVIEN (
	MANV NVARCHAR(15) PRIMARY KEY,
	MACV NVARCHAR(15) FOREIGN KEY REFERENCES CHUCVU(MACV), 
	TENNV NVARCHAR(30), 
	GIOITINH NVARCHAR(3),
	SODIENTHOAI NVARCHAR(10) UNIQUE, CHECK (SODIENTHOAI NOT LIKE '%[^0-9]%'),
	DIACHI NVARCHAR(50),
);

CREATE TABLE QUYEN_DANGNHAP (
	TENDANGNHAP NVARCHAR(30) PRIMARY KEY, 
	MACV NVARCHAR(15) FOREIGN KEY REFERENCES CHUCVU(MACV),
	MATKHAU NVARCHAR(30),
); 

CREATE TABLE NGANHHANG (
	MANGANH NVARCHAR(15) PRIMARY KEY, 
	TENNGANH NVARCHAR(30),
);

CREATE TABLE NHOMHANG (
	MANHOM NVARCHAR(15) PRIMARY KEY, 
	TENNHOM NVARCHAR(30),
	MANGANH NVARCHAR(15) FOREIGN KEY REFERENCES NGANHHANG(MANGANH),
);

CREATE TABLE HANGHOA (
	MAHH NVARCHAR(15) PRIMARY KEY, 
	MANHOM NVARCHAR(15) FOREIGN KEY REFERENCES NHOMHANG(MANHOM),
	TENHH NVARCHAR(100), 
	SOLUONG INT,
	DONGIA float,
);

CREATE TABLE NHACUNGCAP (
	MANCC NVARCHAR(15) PRIMARY KEY, 
	TENNCC NVARCHAR(100), 
	DIACHI NVARCHAR(30), 
	DIENTHOAI NVARCHAR(10) UNIQUE, CHECK (DIENTHOAI NOT LIKE '%[^0-9]%'), 
	EMAIL NVARCHAR(50),
);

CREATE TABLE HOADONBANHANG (
	MAHD NVARCHAR(15) PRIMARY KEY, 
	NGAYBAN DATE,
	TONGTIENHD FLOAT,
	MANV NVARCHAR(15) FOREIGN KEY REFERENCES NHANVIEN(MANV),
);

CREATE TABLE CT_HOADON (
	MAHD NVARCHAR(15), 
	MAHH NVARCHAR(15), 
	SLUONG INT, 
	DGIA NVARCHAR(15), 
	TILE_VAT FLOAT,
	THANHTIEN FLOAT,
);

CREATE TABLE PHIEUNHAP (
	MAPN NVARCHAR(15) PRIMARY KEY,
	NGAYNHAP DATE,
	MANCC NVARCHAR(15) FOREIGN KEY REFERENCES NHACUNGCAP(MANCC),
	TONGPHAITRA FLOAT,
	MANV NVARCHAR(15) FOREIGN KEY REFERENCES NHANVIEN(MANV),
);

CREATE TABLE CT_PHIEUNHAP (
	MAPN NVARCHAR(15), 
	MAHH NVARCHAR(15),
	TENHH NVARCHAR(100), 
	SLUONG INT, 
	DGIA FLOAT,
);

insert into CHUCVU (MACV, TENCV) 
Values 
	('AD', N'Admin'),
	('TN', N'Thu Ngân'),
	('BH', N'Bán hàng'),
	('KSCL',N'Kiểm soát chất lượng'),
	('QLK',N'Quản lý kho'),
	('NVB',N'Nhân viên bếp'),
	('GS',N'Giám sát ngành hàng'),
	('BV',N'Bảo vệ');


insert into NHANVIEN (MANV,MACV,TENNV,GIOITINH,SODIENTHOAI,DIACHI) 
Values
	('1','AD','admin', 'Nam', '1111111111', N'Máy chủ'),
	('202200000', 'BV', N'TRẦN KHÁNH THANH', N'NAM', '086663483', N'PHÚ THỌ'),
	('202200001', 'KSCL', N'ĐÀM HUYỀN ĐĂNG', N'NAM', '042372071', N'BẮC KẠN'),
	('202200002', 'BV', N'BÙI THỊ YẾN', N'NAM', '064313095', N'TUYÊN QUANG'),
	('202200003', 'KSCL', N'LÝ THỊ NGỌC', N'NAM', '090916767', N'TRÀ VINH'),
	('202200004', 'GS', N'VÕ THÁI CHI', N'NỮ', '049014082', N'HẢI DƯƠNG'),
	('202200005', 'KSCL', N'TRẦN DIỆU ANH', N'NỮ', '076187562', N'PHÚ THỌ'),
	('202200006', 'BH', N'BÙI HÀ KIM', N'NAM', '080873121', N'TIỀN GIANG'),
	('202200007', 'GS', N'DƯƠNG  LAN', N'NỮ', '090931029', N'TÂY NINH'),
	('202200008', 'QLK', N'PHAN MAI CHI', N'NỮ', '097958088', N'BÌNH DƯƠNG'),
	('202200009', 'TN', N'LÝ ANH VÂN', N'NỮ', '044849508', N'PHÚ THỌ'),
	('202200010', 'NVB', N'LÝ  ANH', N'NỮ', '092674719', N'PHÚ THỌ'),
	('202200011', 'BH', N'DƯƠNG THÁI LY', N'NỮ', '079075910', N'BẮC KẠN'),
	('202200012', 'QLK', N'PHÙNG  VÂN', N'NAM', '079701620', N'KHÁNH HÒA'),
	('202200013', 'QLK', N'NGUYỄN CÔNG MỸ', N'NAM', '052562166', N'LẠNG SƠN'),
	('202200014', 'BV', N'PHÙNG TIẾN YẾN', N'NAM', '082124709', N'HẬU GIANG'),
	('202200015', 'KSCL', N'BÙI TUẤN LAN', N'NỮ', '067326195', N'BÌNH ĐỊNH'),
	('202200016', 'KSCL', N'TRƯƠNG THUỲ THƯ', N'NỮ', '041574563', N'TUYÊN QUANG'),
	('202200017', 'BH', N'HOÀNG TRỌNG NGỌC', N'NAM', '025796394', N'BẮC GIANG'),
	('202200018', 'BV', N'PHAN CHÍ LY', N'NAM', '012556205', N'BẮC KẠN'),
	('202200019', 'NVB', N'BÙI HỒNG CHI', N'NỮ', '088866497', N'TRÀ VINH'),
	('202200020', 'QLK', N'NGUYỄN THUỲ NHUNG', N'NAM', '050085219', N'BẾN TRE'),
	('202200021', 'NVB', N'ĐỖ BẢO ĐẠT', N'NAM', '097358179', N'TIỀN GIANG'),
	('202200022', 'NVB', N'MAI MAI PHƯƠNG', N'NỮ', '067740045', N'LONG AN'),
	('202200023', 'BV', N'ĐOÀN CÔNG HẢI', N'NỮ', '028146962', N'PHÚ YÊN'),
	('202200024', 'TN', N'MAI  BẢO', N'NỮ', '080964480', N'NINH BÌNH'),
	('202200025', 'KSCL', N'ĐỖ DIỆU LAN', N'NỮ', '098783250', N'BẮC GIANG'),
	('202200026', 'QLK', N'ĐÀM MAI PHƯƠNG', N'NỮ', '052514537', N'HỒ CHÍ MINH'),
	('202200027', 'GS', N'NÔNG YẾN ANH', N'NAM', '037242084', N'THANH HÓA'),
	('202200028', 'TN', N'DƯƠNG PHÚC NHI', N'NAM', '047513158', N'HÀ NAM'),
	('202200029', 'TN', N'ĐINH THUỲ CHI', N'NỮ', '098876705', N'BÀ RỊA VŨNG TÀU'),
	('202200030', 'GS', N'ĐINH ANH PHƯƠNG', N'NỮ', '078386177', N'PHÚ YÊN'),
	('202200031', 'BH', N'LÊ THÁI LY', N'NỮ', '070191558', N'CẦN THƠ'),
	('202200032', 'BH', N'ĐỖ KHÁNH ĐẠT', N'NAM', '042530838', N'THANH HÓA'),
	('202200033', 'TN', N'LÝ TUẤN HẢI', N'NỮ', '019923321', N'HÀ NAM'),
	('202200034', 'BV', N'TRẦN THUỲ NHUNG', N'NAM', '095339567', N'CẦN THƠ'),
	('202200035', 'BH', N'NGÔ CÔNG HÀ', N'NAM', '029318963', N'HẬU GIANG'),
	('202200036', 'BV', N'ĐINH CHÍNH LY', N'NAM', '044960050', N'THỪA THIÊN HUẾ'),
	('202200037', 'BV', N'PHÙNG TUỆ ĐĂNG', N'NAM', '068018348', N'CẦN THƠ'),
	('202200038', 'NVB', N'BÙI TRẦN BẢO', N'NỮ', '073402535', N'ĐÀ NẴNG'),
	('202200039', 'GS', N'ĐẶNG TUẤN THƯ', N'NỮ', '019995119', N'HỒ CHÍ MINH'),
	('202200040', 'NVB', N'PHAN NGỌC THƯ', N'NAM', '085005177', N'BÌNH DƯƠNG'),
	('202200041', 'QLK', N'TRIỆU ANH TUẤN', N'NAM', '041336201', N'BÌNH THUẬN'),
	('202200042', 'TN', N'LÝ HỒNG THƯ', N'NỮ', '052131013', N'HẢI PHÒNG'),
	('202200043', 'TN', N'VŨ TUẤN NGHĨA', N'NỮ', '044865563', N'TRÀ VINH'),
	('202200044', 'BH', N'ĐOÀN TRỌNG BẢO', N'NAM', '037271003', N'HỒ CHÍ MINH'),
	('202200045', 'KSCL', N'PHAN THUỲ THANH', N'NỮ', '087409358', N'KON TUM'),
	('202200046', 'KSCL', N'ĐỖ HUYỀN LY', N'NAM', '065534049', N'QUẢNG NINH'),
	('202200047', 'TN', N'HOÀNG CHÍNH KIM', N'NỮ', '068728803', N'ĐẮK NÔNG'),
	('202200048', 'BV', N'TRƯƠNG DIỆU ĐẠT', N'NAM', '077347015', N'HÀ TĨNH'),
	('202200049', 'GS', N'ĐẶNG TUẤN THANH', N'NỮ', '027823382', N'HƯNG YÊN')


insert into QUYEN_DANGNHAP (TENDANGNHAP,MACV, MATKHAU)
Values 
	('chau', 'AD', 'chau'),
	('admin', 'AD', 'admin')

insert into NGANHHANG (MANGANH, TENNGANH)
values
	('RC', N'Rau củ'),
	('T', N'Thịt'),
	('THS', N'Thủy hải sản'),
	('BST', N'Bơ,sữa,trúng'),
	('TC', N'Trái cây'),
	('TPK', N'Thực phẩm khô'),
	('TAN', N'Thức ăn nhanh'),
	('GVB', N'Giấy và bông'),
	('HP', N'Hóa phẩm'),
	('VSCN', N'Vệ sinh cá nhân'),
	('DL', N'Đông lạnh'),
	('GD', N'Gia dụng'),
	('BK', N'Bánh kẹo'),
	('DU', N'Đồ uống'),
	('BVSS', N'Bông vải sợi')


insert into NHOMHANG(MANHOM,TENNHOM,MANGANH)
values
	('TL', N'Thịt lợn', 'T'),
	('TB', N'Thịt bò', 'T'),
	('TG', N'Thịt gà', 'T'),
	('CQ', N'Củ quả', 'RC'),
	('RAL', N'Rau ăn lá', 'RC'),
	('RGV', N'Rau gia vị', 'RC'),
	('C ', N'Cá', 'THS'),
	('T', N'Tôm', 'THS'),
	('M ', N'Mực', 'THS'),
	('ST', N'Sữa tươi', 'BST'),
	('SC', N'Sữa chua', 'BST'),
	('SH', N'Sữa hạt', 'BST'),
	('B', N'Bơ', 'BST'),
	('PM', N'Phô mai', 'BST'),
	('VS', N'Váng sữa', 'BST'),
	('DA', N'Dầu ăn', 'TPK'),
	('NM', N'Nước mắm', 'TPK'),
	('G', N'Gạo', 'TPK'),
	('TO', N'Tương ớt', 'TPK'),
	('X', N'Xốt', 'TPK'),
	('HN', N'Hạt nêm', 'TPK'),
	('NC', N'Ngũ cốc', 'TPK'),
	('DH', N'Đồ hộp', 'TPK'),
	('XX', N'Xúc xích', 'TAN'),
	('BM', N'Bánh mì', 'TAN'),
	('GC', N'Giò chả', 'TAN'),
	('NN', N'Nước ngọt', 'DU'),
	('NTC', N'Nước trái cây', 'DU'),
	('CF', N'Cafe', 'DU'),
	('TR', N'Trà', 'DU'),
	('NK', N'Nước khoáng', 'DU'),
	('BVS', N'Băng vệ sinh', 'GVB'),
	('GVS', N'Giấy vệ sinh', 'GVB'),
	('KG', N'Khăn giấy', 'GVB'),
	('GU', N'Giấy ướt', 'GVB'),
	('BG', N'Bột giặt', 'HP'),
	('NG', N'Nước giặt', 'HP'),
	('NX', N'Nước xả', 'HP'),
	('RCB', N'Rửa chén bát', 'HP'),
	('LS', N'Lau sàn', 'HP'),
	('DG', N'Dầu gội', 'VSCN'),
	('DX', N'Dầu xả', 'VSCN'),
	('KDR', N'Kem đánh răng', 'VSCN'),
	('BC', N'Bàn chải', 'VSCN'),
	('SM', N'Súc miệng', 'VSCN'),
	('RM', N'Rửa mặt', 'VSCN'),
	('TT', N'Tẩy trang', 'VSCN'),
	('S', N'Snack', 'BK'),
	('H ', N'Các loại hạt', 'BK'),
	('TCS', N'Trái cây sấy', 'BK'),
	('KC', N'Kẹo cứng', 'BK'),
	('KM', N'Kẹo mềm', 'BK'),
	('SCL', N'Socola', 'BK'),
	('KT', N'Khăn tắm', 'BVSS'),
	('P ', N'Pin', 'BVSS'),
	('TDR', N'Túi đựng rác', 'BVSS'),
	('DCNA', N'Dụng cụ nấu ăn', 'GD'),
	('TCNK', N'Trái cây nhập khẩu', 'GD'),
	('TCTN', N'Trái cây trong nước', 'GD'),
	('K', N'Kem ', 'GD'),
	('TCD', N'Thịt cấp đông', 'TC'),
	('HSCD', N'Hải sản cấp đông', 'DL')

insert into HANGHOA (MAHH ,MANHOM,TENHH,SOLUONG,DONGIA)
values
	('THSC126', 'C', N'Cá hồi', 200, 11000),
	('THSC127', 'C', N'Cá Ba sa', 200, 12000),
	('THSC128', 'C', N'Cá Chim', 500, 13000),
	('THSC129', 'C', N'Cá Thu', 30, 14000),
	('THST130', 'T', N'Tôm sông', 20, 15000),
	('THST131', 'T', N'Tôm càng xanh', 500, 16000),
	('THSM132', 'M', N'Mực Trứng', 500, 17000),
	('THSM133', 'M', N'Mực Ống', 300, 18000),
	('BSTST134', 'ST', N'sữa tươi Vinamilk loại 110ml', 110, 19000),
	('BSTST135', 'ST', N'sữa tươi vinamilk vị dâu loại 180ml', 180, 20000),
	('BSTST136', 'ST', N'sữa tươi Vinamilk vị Socola loại 110ml', 110, 21000),
	('BSTST137', 'ST', N'sữa tươi TH loại 180ml', 110, 22000),
	('BSTST138', 'ST', N'Sữa tươi Mộc Châu', 110, 23000),
	('BSTST139', 'ST', N'sữa tươi Cô gái Hà Lan 180ml ', 110, 24000),
	('BSTST140', 'ST', N'Sữa tươi Đà Lạt Milk ', 110, 25000),
	('BSTST141', 'ST', N'Sữa tươi Đà Lạt milk vị dâu', 110, 26000),
	('BSTST142', 'ST', N'Sữa Đà Lạt milk vị Socola', 110, 27000),
	('BSTSC143', 'SC', N'Sữa chua uống vinamilk ', 110, 28000),
	('BSTSC144', 'SC', N'sữa chua uống TH vị việt quất 180ml', 110, 29000),
	('BSTSC145', 'SC', N'sữa chua TH vị dâu', 110, 30000),
	('BSTSC146', 'SC', N'sữa chua vinamilk Nha đam ', 110, 31000),
	('BSTSH147', 'SH', N'sữa hạt óc chó mè đen 180ml ', 11, 32000),
	('BSTSH148', 'SH', N'sữa đậu nành nutifood', 11, 33000),
	('BSTSH149', 'SH', N'sữa đậu nành Fami ', 110, 34000),
	('BSTT150', 'T', N'Trứng gà sạch OLala', 110, 35000),
	('BSTT151', 'T', N'Trứng gà bói hộp Dabaco', 110, 36000),
	('BSTT152', 'T', N'Trứng vịt sạch Happy Farm', 110, 37000),
	('BSTB153', 'B', N'Bơ nhạt Présiden', 20, 38000),
	('BSTB154', 'B', N'Bơ thực vật tường An', 50, 39000),
	('BSTB155', 'B', N'Bơ nhạ Avomore', 75, 40000),
	('BSTPM156', 'PM', N'Phô mai lát Sanwich Zott', 78, 41000),
	('BSTPM157', 'PM', N'Phô mai tươi Zotmilk', 100, 42000),
	('BSTPM158', 'PM', N'Phô mai lát con bò cười', 200, 43000),
	('BSTPM159', 'PM', N'Phô mai ăn Kidsmix', 50, 44000),
	('BSTPM160', 'PM', N'Phô mai Vinamilk', 120, 45000),
	('BSTPM161', 'PM', N'Phô mai vuông Belcube', 120, 46000),
	('BSTPM162', 'PM', N'Phô mai lát Hamburger Zott', 125, 47000),
	('BSTVS163', 'VS', N'Váng sữa Nestlé', 60, 48000),
	('BSTVS164', 'VS', N'Váng sữa Monte Socola', 55, 49000),
	('BSTVS165', 'VS', N'Váng sữa ellle', 50, 50000),
	('BSTVS166', 'VS', N'Váng sữa Ambrolia', 55, 51000),
	('TANXX167', 'XX', N'Xúc xích CP Winner', 500, 52000),
	('TANXX168', 'XX', N'Xúc xích Roma Đức Việt', 500, 53000),
	('TANXX169', 'XX', N'Xúc xích Pari Đức VIệt', 300, 54000),
	('TANXX170', 'XX', N'Xúc xích ăn liền HAndy', 105, 55000),
	('TANXX171', 'XX', N'Xúc xích heo cao bồi ', 30, 56000),
	('TANXX172', 'XX', N'Xúc xích vườn bia Bucher', 200, 57000),
	('TANXX173', 'XX', N'Xúc xích hun khói Đức Việt', 500, 58000),
	('TANBM174', 'BM', N'Sapo Bánh mỳ hoa cúc', 300, 59000),
	('TANBM175', 'BM', N'Bánh mỳ gối nho Win Mart', 300, 60000),
	('TANBM176', 'BM', N'Bánh mỳ tươi Otto', 50, 61000),
	('TANBM177', 'BM', N'Bánh mỳ Sandwich chà bông ', 35, 62000),
	('TANBM178', 'BM', N'Bánh mỳ tươi Kinh đô vị socola', 20, 63000),
	('TANBM179', 'BM', N'Bánh mỳ mềm Tyti', 25, 64000),
	('TANGC180', 'GC', N'Giò lụa Vissan', 250, 65000),
	('TANGC181', 'GC', N'Giò tai lưỡi xào Thu Hằng', 250, 66000),
	('TANGC182', 'GC', N'Giò bò CP', 250, 67000),
	('TANGC183', 'GC', N'Giò lụa CP', 250, 68000),
	('DUB184', 'B', N'Bia Halida', 330, 69000),
	('DUB185', 'B', N'Bia Tubord', 330, 70000),
	('DUB186', 'B', N'Bia Sappo', 500, 71000),
	('DUB187', 'B', N'Strongbow nước táo lên men vị dâu', 400, 72000),
	('DUB188', 'B', N'Bia 333', 450, 73000),
	('DUB189', 'B', N'Bia Tiger Crystal', 352, 74000),
	('DUB190', 'B', N'Bia Budwise', 300, 75000),
	('DUB191', 'B', N'Bia Việt', 350, 76000),
	('DUNN192', 'NN', N'Nước ngọt Fanta hương Soda', 330, 77000),
	('DUNN193', 'NN', N'Nước giải khát có ga hương cam Fanta', 320, 78000),
	('DUNN194', 'NN', N'Pepsi nước giải khát không calo', 350, 79000),
	('DUNN195', 'NN', N'Nước ngọt coca Soda kem', 330, 80000),
	('DUNN196', 'NN', N'Nước giải khát Zero coca', 220, 81000),
	('DUNN197', 'NN', N'Nước ngọt Mirinda soda kem', 335, 82000),
	('DUNN198', 'NN', N'Nước ngọt 7Up', 700, 83000),
	('DUNN199', 'NN', N'Nước đá me Mirinda', 250, 84000),
	('DUNN200', 'NN', N'Nước ngọt vị cam GoodMood', 250, 85000),
	('DUNN201', 'NN', N'Nước giải khát Sprite', 500, 86000),
	('DUNN202', 'NN', N'Nước giải khát hương chanh Sprite', 750, 87000),
	('DUTL203', 'TL', N'Nước tăng lực Isotonic', 35, 88000),
	('DUTL204', 'TL', N'Sting nước tăng lực hương dâu', 30, 89000),
	('DUTL205', 'TL', N'Nước tăng lực Muaythai', 45, 90000),
	('DUTL206', 'TL', N'Nước tăng lực Monster', 35, 91000),
	('DUTL207', 'TL', N'Nước tăng lực Compac vị cherry', 25, 92000),
	('DUTL208', 'TL', N'Nước tăng lực RockStar', 33, 93000),
	('DUTL209', 'TL', N'Nước tăng lực Monsster Energy Ultra', 35, 94000),
	('DUCF210', 'CF', N'Cà phê sáng tạo trung nguyên', 34, 95000),
	('DUCF211', 'CF', N'Cà phê tan Gold Organic VinaCafe', 24, 96000),
	('DUCF212', 'CF', N'Cà phê đen uống liền', 350, 97000),
	('DUCF213', 'CF', N'Cà phê hòa tan 3in1 G7', 288, 98000),
	('DUCF214', 'CF', N'Cà phê wakeup nâu đá', 240, 99000),
	('DUCF215', 'CF', N'Cà phê Nescafe Cappuchino', 200, 100000),
	('DUCF216', 'CF', N'cà phê rang xay sáng tạo', 500, 101000),
	('DUCF217', 'CF', N'Cà phê sữa đá Highlands coffee', 350, 102000),
	('DUCF218', 'CF', N'Cà phê đen Highlands coffee', 350, 103000),
	('DUCF219', 'CF', N'Cà phê uống liền Latte', 350, 104000),
	('DUTR220', 'TR', N'Trà Ô long tea plus vị chanh', 455, 105000),
	('DUTR221', 'TR', N'Trà xanh C2 hương chanh', 500, 106000),
	('DUTR222', 'TR', N'Trà bí đao Wonderfarm', 280, 107000),
	('DUTR223', 'TR', N'Trà xanh thái nguyên ', 200, 108000),
	('DUTR224', 'TR', N'Trà sữa Anh Quốc Teabreak', 345, 109000),
	('DUTR225', 'TR', N'Trà ô long thượng hàng trà đại giá', 150, 110000),
	('DUTR226', 'TR', N'Trà đào và hạt chia Fuzzea', 450, 111000),
	('DUTR227', 'TR', N'Hồng trà C2 vị đào', 500, 112000),
	('DUTR228', 'TR', N'Trà gừng hot ginger cozzy', 500, 113000),
	('DUTR229', 'TR', N'Trà đen vị chanh lipton', 455, 114000),
	('DUTR230', 'TR', N'Trà chanh dây và hạt chia Fuzzea', 450, 115000),
	('DUNK231', 'NK', N'Nước khoáng thiên nhiên Lavie', 500, 116000),
	('DUNK232', 'NK', N'Dasani nước khoáng tinh khiết', 500, 117000),
	('DUNK233', 'NK', N'Nước khoáng thiên nhiên Aquafina', 500, 118000),
	('GVBBVS234', 'BVS', N'Băng vệ sinh ban đêm Diana cánh', 50, 119000),
	('GVBBVS235', 'BVS', N'Băng vệ sinh Diana Cool Fresh', 50, 120000),
	('GVBBVS236', 'BVS', N'Băng vệ sinh Laurier', 50, 121000),
	('GVBBVS237', 'BVS', N'Băng vệ sinh hàng ngày Diana Daily', 50, 122000),
	('GVBBVS238', 'BVS', N'Băng vệ sinh siêu ban đêm cánh', 50, 123000),
	('GVBBVS239', 'BVS', N'Băng vệ sinh Kotex siêu mỏng', 50, 124000),
	('GVBBVS240', 'BVS', N'Băng vệ sinh Kotex hàng ngày', 50, 125000),
	('GVBBVS241', 'BVS', N'Băng vệ sinh sofy skincomf ultrathin cánh', 50, 126000),
	('GVBGVS242', 'GVS', N'Giáy vệ sinh Elene tre', 50, 127000),
	('GVBGVS243', 'GVS', N'Giấy vệ sinh 10 cuộn 2 lớp', 500, 128000),
	('GVBGVS244', 'GVS', N'Giấy vệ sinh Winmart 2 lớp', 500, 129000),
	('GVBGVS245', 'GVS', N'Giấy vệ sinh Silkwell', 500, 130000),
	('GVBKG246', 'KG', N'Khăn giấy rút 2 lớp Silkwell', 500, 131000),
	('GVBKG247', 'KG', N'Khăn giấy lụa 2 lớp Elena', 500, 132000),
	('GVBKG248', 'KG', N'Khăn ướt không mùi Huggies', 500, 133000),
	('GVBKG249', 'KG', N'Khăn giấy lụa 2 lớp Fairy', 500, 134000),
	('GVBKG250', 'KG', N'Giấy bếp đa năng Kilkwell 100 tờ', 500, 135000),
	('GVBGU251', 'GU', N'Khăn ướt chăm sóc da Fessi', 500, 136000),
	('GVBGU252', 'GU', N'Giấy ướt Winmart Home', 500, 137000),
	('GVBGU253', 'GU', N'Khăn ướt không mùi Mamamy', 500, 138000),
	('GVBGU254', 'GU', N'Khăn ướt trẻ em Boby 100 miếng', 500, 139000),
	('GVBGU255', 'GU', N'Khăn ướt Yunuku', 500, 140000),
	('GVBGU256', 'GU', N'Khăn giấy ướt Fressi Care', 500, 141000),
	('GVBTB257', 'TB', N'Tã dá Bobby Fresh siêu mỏng', 500, 142000),
	('GVBTB258', 'TB', N'Tã quần Bobby siêu mỏng M4B', 500, 143000),
	('GVBTB259', 'TB', N'Tã bỉm quần Huggies Fry', 500, 144000),
	('GVBTB260', 'TB', N'Tã quần Huggies L68', 500, 145000),
	('HPBG261', 'BG', N'Bột giặt Winmart Home mềm mại', 2000, 146000),
	('HPBG262', 'BG', N'Bột giặt Tide hương Downly', 100, 147000),
	('HPBG263', 'BG', N'Bột giặt 2in1 Jois', 150, 148000),
	('HPBG264', 'BG', N'Bột giặt Omo', 100, 149000),
	('HPBG265', 'BG', N'Bột giặt Suft thơm dịu', 250, 150000),
	('HPBG266', 'BG', N'Bột giặt Viso an toàn cho tay', 100, 151000),
	('HPNG267', 'NG', N'Nước giặt Ariel sạch nhanh ', 410, 152000),
	('HPNG268', 'NG', N'Nước giặt đậm được Lix', 350, 153000),
	('HPNG269', 'NG', N'Nước giặt đậm đặc Net', 360, 154000),
	('HPNG270', 'NG', N'Nước giặt Attack khử mùi', 230, 155000),
	('HPNG271', 'NG', N'Nước giặt đậm đặc Essence', 1900, 156000),
	('HPNG272', 'NG', N'Nước giặt giữ màu Vinmart', 1500, 157000),
	('HPNG273', 'NG', N'Nước giặt khử mùi hương hoa anh đào', 1500, 158000),
	('HPNG274', 'NG', N'Nước giặt Downly Matíc Biển xanh tươi mát', 2000, 159000),
	('HPNX275', 'NX', N'Nước xả vải dowly hương đam mê', 3000, 160000),
	('HPNX276', 'NX', N'Nước xả vải dowly làn giá mát', 3000, 161000),
	('HPNX277', 'NX', N'Nước xả vải dowmly huyền bý', 3800, 162000),
	('HPNX278', 'NX', N'Nước xả vải Comfort mềm dịu cho bé', 3500, 163000),
	('HPNX279', 'NX', N'Nước xả vải Pinegon', 3000, 164000),
	('HPRCB280', 'RCB', N'Nước rửa chén On1 tinh dầu gừng xả', 1000, 165000),
	('HPRCB281', 'RCB', N'Nước rửa chén trà xanh và gừng', 1000, 166000),
	('HPRCB282', 'RCB', N'Nước rửa chén Homey hương quất ', 1000, 167000),
	('HPRCB283', 'RCB', N'Nước rửa chén Winmart hương chanh', 1000, 168000),
	('HPRCB284', 'RCB', N'Nước rửa chén Sunlight chanh.', 1500, 169000),
	('HPRCB285', 'RCB', N'Nước rửa chén LIX hương chanh.', 1000, 170000),
	('HPRCB286', 'RCB', N'Nước rửa chén POWER100 hương chanh.', 1000, 171000),
	('HPRCB287', 'RCB', N'Nước rửa chén Ez Clean chiết xuất muối biển.', 1000, 172000),
	('HPRCB288', 'RCB', N'Nước rửa chén Pinto đậm đặc hương kiwi.', 1000, 173000),
	('HPRCB289', 'RCB', N'Nước rửa chén Daiwa diệt khuẩn không mùi.', 1000, 174000),
	('HPLS290', 'LS', N'Nước lau nhà Sunlight.', 3000, 175000),
	('HPLS291', 'LS', N'Nước lau nhà Gift.', 2500, 176000),
	('HPLS292', 'LS', N'Nước thơm lau sàn nhà Hando.', 3000, 177000),
	('HPLS293', 'LS', N'Nước Lau Sàn Glorix.', 300, 178000),
	('HPLS294', 'LS', N'Nước lau sàn Eztex.', 500, 179000),
	('HPLS295', 'LS', N'Nước lau sàn đa năng Klenco Power Lime.', 254, 180000),
	('HPLS296', 'LS', N'Nước Lau Sàn diệt khuẩn Greenex.', 352, 181000),
	('VSCNDG297', 'DG', N'Dầu gội đầu Clear', 100, 182000),
	('VSCNDG298', 'DG', N'Dầu gội Sunsilk suôn mượt tóc', 200, 183000),
	('VSCNDG299', 'DG', N' Dầu gội Pantene không gàu', 350, 184000),
	('VSCNDG300', 'DG', N'Dầu gội Rejoice. mái tóc suôn mượt', 350, 185000),
	('VSCNDG301', 'DG', N' Dầu gội Head & Shoulders sạch gàu', 350, 186000),
	('VSCNDG302', 'DG', N' Dầu gội Double Rich phục hồi tóc hư tổn', 3500, 187000),
	('VSCNDG303', 'DG', N'Dầu gội Thái Dương 7 ngày không gàu ngứa', 3500, 188000),
	('VSCNDX304', 'DX', N'Dầu Xả TRESemmé Keratin Smooth', 2500, 189000),
	('VSCNDX305', 'DX', N'Kem xả tóc Dove làm mềm tóc hư tổn', 3500, 190000),
	('VSCNDX306', 'DX', N'Dầu Xả Loreal Elseve Color Protect Conditioner bảo vệ tóc', 2500, 191000),
	('VSCNDX307', 'DX', N'Dầu xả mềm mượt Sunsilk', 1000, 192000),
	('VSCNDX308', 'DX', N' Dầu Xả Herbal Essences Bưởi và Bạc Hà thơm mát dài lâu', 1000, 193000),
	('VSCNDX309', 'DX', N' Dầu xả Head & Shoulders. sạch sâu dadầu', 1000, 194000),
	('VSCNDX31', 'DX', N'Pantene Pro V 2in1 shampoo & conditioner classic clean', 1000, 195000),




insert into NHACUNGCAP(MANCC,TENNCC,DIACHI,EMAIL,DIENTHOAI)
values
('KD' , N'Kinh Đô', N'Quảng Ninh', 'kinhdo@gmail.com', '0123456789'),
('CP' , N'CPFood', N'Bắc Kạn', 'cpfood@gmail.com', '0987654321'),
('VNM' , N'Vinamilk', N'Long An', 'vinamilk@gmail.com', '0868888555'),
('NTF' , N'Nutifood', N'Phú Yên', 'nutifood@gmail.com', '0976767577'),
('NS' , N'Nestlé', N'Sóc Trăng', 'nestle@gmail.com', '0962347476'),
('DMS' , N'Điện máy xanh', N'Khánh Hòa', 'dienmayxanh@gmail.com', '0183473487'),
('HQ' , N'Hoa quả sạch ', N'Hà Tĩnh', 'nnc@gmail.com', '0962372633'),
('QA' , N'Công ty thời trang', N'Bắc Giang', 'ppa@gmail.com', '0963726434'),
('RC' , N'Rau sạch Nam Định ', N'Ninh Thuận', 'lamhuong@gmail.com', '0963247878'),
('GD' , N'Công ti TNHH đồ gia dụng Việt-Nhật', N'Quảng Trị', 'gdvietnhat@gmail.com', '0912351364'),
('CPS' , N'Campus - sách vở học sinh', N'Bà Rịa Vũng Tàu', 'campus@gmail.com', '0923642374'),
('KDG' , N'Nhà xuất bản kim đồng', N'Vĩnh Phúc', 'kimdong@gmail.com', '0963847888'),
('ORN' , N'Orion', N'Hồ Chí Minh', 'orion@gmail.com', '0932672365'),
('RLC' , N'Nhà phân phối Rượu Lào Cai', N'Bình Dương', 'hmc@gmail.com', '0823764274'),
('DL' , N'Nhà cung cấp thịt tươi đông lạnh Cường Béo', N'Thanh Hóa', 'cuongbeo@gmail.com', '0123423234'),
('HS' , N'Hải sản LTH - Hải sản tươi ngon', N'Bắc Giang', 'letrunghieu@gmail.com', '0321412344'),
('GN' , N'Công ti TNHH gạo', N'Cần Thơ', 'gaocaobang@gmail.com', '0877665566'),
('DH' , N'Đồ hộp Tiện Lợi', N'Bắc Ninh', 'tienloi@gmail.com', '0971726577'),
('VS' , N'Nhà cung cấp đồ dùng gia đình ', N'Quảng Ninh', 'ddgd@gmail.com', '0187387238'),
('BL' , N'Nhà phân phối các loại bánh kẹo,nước ngọt  ', N'Phú Thọ', 'bkn@gmail.com', '0877237323'),
('ST' , N'Nhà phân phối sữa bột, cà phê, trà ', N'Cần Thơ', 'st@gmail.com', '0312432133'),
('HPG' , N'Hoá phẩm gia đình ', N'Sóc Trăng', 'supperquang@gmail.com', '0988998899'),
('TNN' , N'Nhà cung cấp đồ ăn nhanh Tiện Lợi', N'Khánh Hòa', 'tienloi@gmail.com', '0971726587')

create proc PHIEUNHAPTOHANGHOA @MAHH NVARCHAR(15), @MANHOM NVARCHAR(15), @TENHH NVARCHAR(100), @SOLUONG INT, @DONGIA float
as
INSERT INTO HANGHOA Values(@MAHH,@MANHOM,@TENHH,@SOLUONG,@DONGIA)
go

create proc HOADONTOHANGHOADELETE @MAHH NVARCHAR(15)
as
DELETE FROM HANGHOA where MAHH = @MAHH
go

create proc HOADONADD @SL int, @MAHH NVARCHAR(15)
as
UPDATE HANGHOA set SOLUONG = SOLUONG - @SL
where MAHH = @MAHH
go

create proc HOADONMINUS @SL int, @MAHH NVARCHAR(15)
as
UPDATE HANGHOA set SOLUONG = SOLUONG + @SL
where MAHH = @MAHH
go

select * from NHOMHANG where TENNHOM = N'{cboTENNHOM.Text}'